{
  "compilerOptions": {
    "allowJs": true,
    "checkJs": true,
    "composite": true,
    "declaration": true,
    "forceConsistentCasingInFileNames": true,
    "inlineSources": true,
    "lib": [
      "esnext",
      "dom",
      "dom.iterable"
    ],
    "module": "esnext",
    "noEmitOnError": true,
    "noFallthroughCasesInSwitch": true,
    "noImplicitReturns": true,
    "outDir": ".",
    "rootDir": "../../../../../../front_end/core/common",
    "skipLibCheck": true,
    "sourceMap": true,
    "strict": true,
    "target": "esnext",
    "tsBuildInfoFile": "common-tsconfig.json.tsbuildinfo",
    "typeRoots": [],
    "useUnknownInCatchVariables": false
  },
  "files": [
    "../../../../../../front_end/core/common/App.ts",
    "../../../../../../front_end/core/common/AppProvider.ts",
    "../../../../../../front_end/core/common/Base64.ts",
    "../../../../../../front_end/core/common/CharacterIdMap.ts",
    "../../../../../../front_end/core/common/Color.ts",
    "../../../../../../front_end/core/common/Console.ts",
    "../../../../../../front_end/core/common/Debouncer.ts",
    "../../../../../../front_end/core/common/EventTarget.ts",
    "../../../../../../front_end/core/common/JavaScriptMetaData.ts",
    "../../../../../../front_end/core/common/Lazy.ts",
    "../../../../../../front_end/core/common/Linkifier.ts",
    "../../../../../../front_end/core/common/Mutex.ts",
    "../../../../../../front_end/core/common/Object.ts",
    "../../../../../../front_end/core/common/ParsedURL.ts",
    "../../../../../../front_end/core/common/Progress.ts",
    "../../../../../../front_end/core/common/QueryParamHandler.ts",
    "../../../../../../front_end/core/common/ResolverBase.ts",
    "../../../../../../front_end/core/common/ResourceType.ts",
    "../../../../../../front_end/core/common/Revealer.ts",
    "../../../../../../front_end/core/common/Runnable.ts",
    "../../../../../../front_end/core/common/SegmentedRange.ts",
    "../../../../../../front_end/core/common/SettingRegistration.ts",
    "../../../../../../front_end/core/common/Settings.ts",
    "../../../../../../front_end/core/common/SimpleHistoryManager.ts",
    "../../../../../../front_end/core/common/StringOutputStream.ts",
    "../../../../../../front_end/core/common/TextDictionary.ts",
    "../../../../../../front_end/core/common/Throttler.ts",
    "../../../../../../front_end/core/common/Trie.ts",
    "../../../../../../front_end/core/common/WasmDisassembly.ts",
    "../../../../../../front_end/core/common/Worker.ts",
    "../../../../../../front_end/legacy/legacy-defs.d.ts",
    "../../../../../../front_end/global_typings/global_defs.d.ts",
    "../../../../../../front_end/global_typings/request_idle_callback.d.ts",
    "../../../../../../node_modules/@types/filesystem/index.d.ts"
  ],
  "references": [
    {
      "path": "./ColorUtils-tsconfig.json"
    },
    {
      "path": "../i18n/bundle-tsconfig.json"
    },
    {
      "path": "../platform/bundle-tsconfig.json"
    },
    {
      "path": "../root/bundle-tsconfig.json"
    }
  ]
}