{
  "compilerOptions": {
    "allowJs": true,
    "checkJs": true,
    "composite": true,
    "declaration": true,
    "forceConsistentCasingInFileNames": true,
    "inlineSources": true,
    "lib": [
      "esnext",
      "dom",
      "dom.iterable"
    ],
    "module": "esnext",
    "noEmitOnError": true,
    "noFallthroughCasesInSwitch": true,
    "noImplicitReturns": true,
    "outDir": ".",
    "rootDir": "../../../../../front_end/generated",
    "skipLibCheck": true,
    "sourceMap": true,
    "strict": true,
    "target": "esnext",
    "tsBuildInfoFile": "generated-tsconfig.json.tsbuildinfo",
    "typeRoots": [],
    "useUnknownInCatchVariables": false
  },
  "files": [
    "../../../../../front_end/generated/ARIAProperties.js",
    "../../../../../front_end/generated/InspectorBackendCommands.js",
    "../../../../../front_end/generated/SupportedCSSProperties.js",
    "../../../../../front_end/generated/protocol.ts",
    "../../../../../front_end/legacy/legacy-defs.d.ts",
    "../../../../../front_end/global_typings/global_defs.d.ts",
    "../../../../../front_end/global_typings/request_idle_callback.d.ts",
    "../../../../../node_modules/@types/filesystem/index.d.ts"
  ],
  "references": []
}