{
  "compilerOptions": {
    "allowJs": true,
    "checkJs": true,
    "composite": true,
    "declaration": true,
    "forceConsistentCasingInFileNames": true,
    "inlineSources": true,
    "lib": [
      "esnext",
      "dom",
      "dom.iterable"
    ],
    "module": "esnext",
    "noEmitOnError": true,
    "noFallthroughCasesInSwitch": true,
    "noImplicitReturns": true,
    "outDir": ".",
    "rootDir": "../../../../../../front_end/core/platform",
    "skipLibCheck": true,
    "sourceMap": true,
    "strict": true,
    "target": "esnext",
    "tsBuildInfoFile": "platform-tsconfig.json.tsbuildinfo",
    "typeRoots": [],
    "useUnknownInCatchVariables": false
  },
  "files": [
    "../../../../../../front_end/core/platform/DevToolsPath.ts",
    "../../../../../../front_end/core/platform/UIString.ts",
    "../../../../../../front_end/core/platform/UserVisibleError.ts",
    "../../../../../../front_end/core/platform/array-utilities.ts",
    "../../../../../../front_end/core/platform/date-utilities.ts",
    "../../../../../../front_end/core/platform/dom-utilities.ts",
    "../../../../../../front_end/core/platform/keyboard-utilities.ts",
    "../../../../../../front_end/core/platform/map-utilities.ts",
    "../../../../../../front_end/core/platform/number-utilities.ts",
    "../../../../../../front_end/core/platform/set-utilities.ts",
    "../../../../../../front_end/core/platform/string-utilities.ts",
    "../../../../../../front_end/core/platform/typescript-utilities.ts",
    "../../../../../../front_end/legacy/legacy-defs.d.ts",
    "../../../../../../front_end/global_typings/global_defs.d.ts",
    "../../../../../../front_end/global_typings/request_idle_callback.d.ts",
    "../../../../../../node_modules/@types/filesystem/index.d.ts"
  ],
  "references": [
    {
      "path": "./dcheck-tsconfig.json"
    }
  ]
}